Number,GivenName,Surname,EmailAddress,TelephoneNumber,Birthday
1,Robert,Farris,RobertEFarris@einrot.com,602-248-9630,7/19/1986
2,John,John,JohnCJohn@teleworm.us,612-366-7958,7/20/1969
3,Michael,Simon,MichaelMSimon@jourrapide.com,586-746-9385,8/24/1945
4,Mary,Vita,MaryAVita@fleckens.hu,785-925-7965,5/18/1991
5,Pura,Evenson,PuraCEvenson@einrot.com,740-509-1912,9/7/1953
6,William,Messer,WilliamFMesser@rhyta.com,561-601-8133,2/1/1970
7,Katherine,Gonzales,KatherineRGonzales@teleworm.us,516-371-9467,8/21/1997
8,Annie,Clark,AnnieJClark@armyspy.com,908-309-3620,2/19/1974
9,Ida,Wade,IdaJWade@gustr.com,985-758-6313,3/29/1968
10,Donald,Reed,DonaldAReed@superrito.com,248-660-7306,12/4/1934
11,Charles,Martinez,CharlesHMartinez@einrot.com,217-692-7082,4/14/1991
12,Joseph,Madrigal,JosephPMadrigal@jourrapide.com,941-855-4900,12/11/1948
13,Carmen,Barth,CarmenRBarth@fleckens.hu,972-607-5220,4/12/1974
14,Jeff,Toliver,JeffMToliver@jourrapide.com,412-360-7970,5/7/2000
15,Andrew,Rivera,AndrewARivera@dayrep.com,785-383-6168,5/7/1943